genre,question_html,choices_html,score_multiplier
漢字の読み,"<div class='import-question'><ruby>赤<rt>あか</rt></ruby>い<ruby>漢字<rt>かんじ</rt></ruby>の<ruby>読<rt>よ</rt></ruby>みを<ruby>選<rt>えら</rt></ruby>びましょう。<br /><span class='quiz-highlight'>犬</span>は、「ワン」と<ruby>鳴<rt>な</rt></ruby>く<ruby>動物<rt>どうぶつ</rt></ruby>で、ペットとして<ruby>人気<rt>にんき</rt></ruby>です。</div>","<ul class='mcq-choices'><li data-correct='1'>いぬ</li><li data-correct='0'>ねこ</li><li data-correct='0'>うま</li><li data-correct='0'>とり</li></ul>",1
漢字の読み,"<div class='import-question'><ruby>赤<rt>あか</rt></ruby>い<ruby>漢字<rt>かんじ</rt></ruby>の<ruby>読<rt>よ</rt></ruby>みを<ruby>選<rt>えら</rt></ruby>びましょう。<br /><span class='quiz-highlight'>王様</span>は、<ruby>国<rt>くに</rt></ruby>のルールを<ruby>決<rt>き</rt></ruby>めてきた<ruby>家族<rt>かぞく</rt></ruby>の<ruby>中<rt>なか</rt></ruby>の、いま<ruby>一番<rt>いちばん</rt></ruby>えらい<ruby>人<rt>ひと</rt></ruby>です。</div>","<ul class='mcq-choices'><li data-correct='1'>おうさま</li><li data-correct='0'>おおさま</li><li data-correct='0'>たまさま</li><li data-correct='0'>てんさま</li></ul>",1
漢字多肢選択,"<div class='import-question'>＿にあてはまる<ruby>漢字<rt>かんじ</rt></ruby>を<ruby>選<rt>えら</rt></ruby>びましょう。<br /><span class='quiz-highlight'><ruby>＿<rt>あめ</rt></ruby></span>とは、<ruby>空<rt>そら</rt></ruby>から<ruby>小<rt>ちい</rt></ruby>さな<ruby>水<rt>みず</rt></ruby>の<ruby>粒<rt>つぶ</rt></ruby>が<ruby>落<rt>お</rt></ruby>ちてくる<ruby>天気<rt>てんき</rt></ruby>のことです。</div>","<ul class='mcq-choices'><li data-correct='1'>雨</li><li data-correct='0'>山</li><li data-correct='0'>川</li><li data-correct='0'>海</li></ul>",1
漢字多肢選択,"<div class='import-question'>＿にあてはまる<ruby>漢字<rt>かんじ</rt></ruby>を<ruby>選<rt>えら</rt></ruby>びましょう。<br /><span class='quiz-highlight'><ruby>＿<rt>うえ</rt></ruby></span>とは、<ruby>高<rt>たか</rt></ruby>い<ruby>位置<rt>いち</rt></ruby>のことです。</div>","<ul class='mcq-choices'><li data-correct='1'>上</li><li data-correct='0'>下</li><li data-correct='0'>左</li><li data-correct='0'>右</li></ul>",1
漢字多肢選択,"<div class='import-question'>＿にあてはまる<ruby>漢字<rt>かんじ</rt></ruby>を<ruby>選<rt>えら</rt></ruby>びましょう。<br /><span class='quiz-highlight'><ruby>＿<rt>した</rt></ruby></span>とは、<ruby>低<rt>ひく</rt></ruby>い<ruby>位置<rt>いち</rt></ruby>のことです。</div>","<ul class='mcq-choices'><li data-correct='1'>下</li><li data-correct='0'>上</li><li data-correct='0'>左</li><li data-correct='0'>右</li></ul>",1
漢字多肢選択,"<div class='import-question'>＿＿にあてはまる<ruby>漢字<rt>かんじ</rt></ruby>を<ruby>選<rt>えら</rt></ruby>びましょう。<br /><span class='quiz-highlight'><ruby>＿＿<rt>みずたま</rt></ruby><ruby>模様<rt>もよう</rt></ruby></span>とは、<ruby>丸<rt>まる</rt></ruby>がたくさん<ruby>描<rt>えが</rt></ruby>かれた<ruby>模様<rt>もよう</rt></ruby>のことです。</div>","<ul class='mcq-choices'><li data-correct='1'>水玉</li><li data-correct='0'>格子</li><li data-correct='0'>市松</li><li data-correct='0'>唐草</li></ul>",1
漢字多肢選択,"<div class='import-question'>＿＿にあてはまる<ruby>漢字<rt>かんじ</rt></ruby>を<ruby>選<rt>えら</rt></ruby>びましょう。<br /><span class='quiz-highlight'><ruby>＿＿<rt>にっぽん</rt></ruby></span>は、<ruby>中国<rt>ちゅうごく</rt></ruby>に<ruby>近<rt>ちか</rt></ruby>い<ruby>国<rt>くに</rt></ruby>です。そこではみんな、<ruby>漢字<rt>かんじ</rt></ruby>やひらがなやカタカナを<ruby>使<rt>つか</rt></ruby>われます。</div>","<ul class='mcq-choices'><li data-correct='1'>日本</li><li data-correct='0'>白木</li><li data-correct='0'>目元</li><li data-correct='0'>二本</li></ul>",1
漢字多肢選択,"<div class='import-question'>＿＿にあてはまる<ruby>漢字<rt>かんじ</rt></ruby>を<ruby>選<rt>えら</rt></ruby>びましょう。<br /><span class='quiz-highlight'><ruby>＿＿<rt>ちゅうごく</rt></ruby></span>は、<ruby>日本<rt>にほん</rt></ruby>に<ruby>近<rt>ちか</rt></ruby>い<ruby>国<rt>くに</rt></ruby>で、<ruby>漢字<rt>かんじ</rt></ruby>はここで<ruby>作<rt>つく</rt></ruby>られました。</div>","<ul class='mcq-choices'><li data-correct='1'>中国</li><li data-correct='0'>韓国</li><li data-correct='0'>中央</li><li data-correct='0'>英国</li></ul>",1
単語空欄補充,"<div class='import-question'>＿＿にあてはまる<ruby>言葉<rt>ことば</rt></ruby>を<ruby>選<rt>えら</rt></ruby>びましょう。<br /><span class='quiz-highlight'><ruby>寒<rt>さむ</rt></ruby>い＿＿、コートを<ruby>着<rt>き</rt></ruby>た。</span></div>","<ul class='mcq-choices'><li data-correct='1'>から</li><li data-correct='0'>のに</li><li data-correct='0'>より</li><li data-correct='0'>まで</li></ul>",1
単語空欄補充,"<div class='import-question'>＿＿にあてはまる<ruby>言葉<rt>ことば</rt></ruby>を<ruby>選<rt>えら</rt></ruby>びましょう。<br /><span class='quiz-highlight'><ruby>寒<rt>さむ</rt></ruby>い＿＿、コートを<ruby>着<rt>き</rt></ruby>なかった。</span></div>","<ul class='mcq-choices'><li data-correct='1'>のに</li><li data-correct='0'>から</li><li data-correct='0'>より</li><li data-correct='0'>まで</li></ul>",1
単語空欄補充,"<div class='import-question'>＿＿にあてはまる<ruby>言葉<rt>ことば</rt></ruby>を<ruby>選<rt>えら</rt></ruby>びましょう。<br /><span class='quiz-highlight'>きのう，＿＿でサッカーをしました。</span></div>","<ul class='mcq-choices'><li data-correct='1'><ruby>校庭<rt>こうてい</rt></ruby></li><li data-correct='0'><ruby>図書室<rt>としょしつ</rt></ruby></li><li data-correct='0'><ruby>音楽室<rt>おんがくしつ</rt></ruby></li><li data-correct='0'><ruby>理科室<rt>りかしつ</rt></ruby></li></ul>",1
単語空欄補充,"<div class='import-question'>＿＿にあてはまる<ruby>言葉<rt>ことば</rt></ruby>を<ruby>選<rt>えら</rt></ruby>びましょう。<br /><span class='quiz-highlight'>きのう，<ruby>学校<rt>がっこう</rt></ruby>でサッカーを＿＿。</span></div>","<ul class='mcq-choices'><li data-correct='1'>しました</li><li data-correct='0'>しましょう</li><li data-correct='0'>しよう</li><li data-correct='0'>するらしい</li></ul>",1
単語空欄補充,"<div class='import-question'>＿＿にあてはまる<ruby>言葉<rt>ことば</rt></ruby>を<ruby>選<rt>えら</rt></ruby>びましょう。<br /><span class='quiz-highlight'>あした，<ruby>学校<rt>がっこう</rt></ruby>でサッカーを＿＿。</span></div>","<ul class='mcq-choices'><li data-correct='1'>する</li><li data-correct='0'>した</li><li data-correct='0'>しなかった</li><li data-correct='0'>してきた</li></ul>",1
単語空欄補充,"<div class='import-question'>＿＿にあてはまる<ruby>言葉<rt>ことば</rt></ruby>を<ruby>選<rt>えら</rt></ruby>びましょう。<br /><span class='quiz-highlight'>パパ、あとで<ruby>一緒<rt>いっしょ</rt></ruby>に<ruby>夜<rt>よる</rt></ruby>ごはんを＿＿。</span></div>","<ul class='mcq-choices'><li data-correct='1'>食べよう</li><li data-correct='0'>食べた</li><li data-correct='0'>食べられない</li><li data-correct='0'>食べてきた</li></ul>",1
格助詞・副助詞,"<div class='import-question'>＿にあてはまる<ruby>言葉<rt>ことば</rt></ruby>を<ruby>選<rt>えら</rt></ruby>びましょう。<br /><span class='quiz-highlight'>わたし＿<ruby>学校<rt>がっこう</rt></ruby>へ<ruby>行<rt>い</rt></ruby>きます。</span></div>","<ul class='mcq-choices'><li data-correct='1'>は</li><li data-correct='0'>や</li><li data-correct='0'>に</li><li data-correct='0'>を</li></ul>",1
格助詞・副助詞,"<div class='import-question'>＿にあてはまる<ruby>言葉<rt>ことば</rt></ruby>を<ruby>選<rt>えら</rt></ruby>びましょう。<br /><span class='quiz-highlight'>わたしは<ruby>学校<rt>がっこう</rt></ruby>＿<ruby>行<rt>い</rt></ruby>きます。</span></div>","<ul class='mcq-choices'><li data-correct='1'>に</li><li data-correct='0'>や</li><li data-correct='0'>が</li><li data-correct='0'>を</li></ul>",1
格助詞・副助詞,"<div class='import-question'>＿にあてはまる<ruby>言葉<rt>ことば</rt></ruby>を<ruby>選<rt>えら</rt></ruby>びましょう。<br /><span class='quiz-highlight'>わたしはゲーム＿<ruby>遊<rt>あそ</rt></ruby>ぶのが<ruby>好<rt>す</rt></ruby>きです。</span></div>","<ul class='mcq-choices'><li data-correct='1'>で</li><li data-correct='0'>に</li><li data-correct='0'>が</li><li data-correct='0'>を</li></ul>",1
格助詞・副助詞,"<div class='import-question'>＿にあてはまる<ruby>言葉<rt>ことば</rt></ruby>を<ruby>選<rt>えら</rt></ruby>びましょう。<br /><span class='quiz-highlight'>わたしはゲームで<ruby>遊<rt>あそ</rt></ruby>ぶの＿<ruby>好<rt>す</rt></ruby>きです。</span></div>","<ul class='mcq-choices'><li data-correct='1'>が</li><li data-correct='0'>に</li><li data-correct='0'>と</li><li data-correct='0'>や</li></ul>",1
格助詞・副助詞,"<div class='import-question'>＿にあてはまる<ruby>言葉<rt>ことば</rt></ruby>をえらびましょう。<br /><span class='quiz-highlight'>さっき、わたしと<ruby>友達<rt>ともだち</rt></ruby>は<ruby>先生<rt>せんせい</rt></ruby>＿プレゼントをあげた。</span></div>","<ul class='mcq-choices'><li data-correct='1'>に</li><li data-correct='0'>を</li><li data-correct='0'>が</li><li data-correct='0'>も</li></ul>",1
格助詞・副助詞,"<div class='import-question'>＿にあてはまる<ruby>言葉<rt>ことば</rt></ruby>をえらびましょう。<br /><span class='quiz-highlight'>さっき、わたしと<ruby>友達<rt>ともだち</rt></ruby>は<ruby>先生<rt>せんせい</rt></ruby>にプレゼント＿あげた。</span></div>","<ul class='mcq-choices'><li data-correct='1'>を</li><li data-correct='0'>に</li><li data-correct='0'>が</li><li data-correct='0'>も</li></ul>",1
格助詞・副助詞,"<div class='import-question'>＿にあてはまる<ruby>言葉<rt>ことば</rt></ruby>をえらびましょう。<br /><span class='quiz-highlight'>ノート＿<ruby>鉛筆<rt>えんぴつ</rt></ruby>で<ruby>名前<rt>なまえ</rt></ruby>を<ruby>書<rt>か</rt></ruby>いた。</span></div>","<ul class='mcq-choices'><li data-correct='1'>に</li><li data-correct='0'>を</li><li data-correct='0'>が</li><li data-correct='0'>で</li></ul>",1
格助詞・副助詞,"<div class='import-question'>＿にあてはまる<ruby>言葉<rt>ことば</rt></ruby>をえらびましょう。<br /><span class='quiz-highlight'>ノートに<ruby>鉛筆<rt>えんぴつ</rt></ruby>＿<ruby>名前<rt>なまえ</rt></ruby>を<ruby>書<rt>か</rt></ruby>いた。</span></div>","<ul class='mcq-choices'><li data-correct='1'>で</li><li data-correct='0'>を</li><li data-correct='0'>が</li><li data-correct='0'>に</li></ul>",1
格助詞・副助詞,"<div class='import-question'>＿にあてはまる<ruby>言葉<rt>ことば</rt></ruby>をえらびましょう。<br /><span class='quiz-highlight'>ノートに<ruby>鉛筆<rt>えんぴつ</rt></ruby>で<ruby>名前<rt>なまえ</rt></ruby>＿<ruby>書<rt>か</rt></ruby>いた。</span></div>","<ul class='mcq-choices'><li data-correct='1'>を</li><li data-correct='0'>で</li><li data-correct='0'>が</li><li data-correct='0'>に</li></ul>",1
格助詞・副助詞,"<div class='import-question'>＿にあてはまる<ruby>言葉<rt>ことば</rt></ruby>をえらびましょう。<br /><span class='quiz-highlight'>りんご＿バナナを<ruby>食<rt>た</rt></ruby>べた。</span></div>","<ul class='mcq-choices'><li data-correct='1'>と</li><li data-correct='0'>に</li><li data-correct='0'>で</li><li data-correct='0'>が</li></ul>",1
格助詞・副助詞,"<div class='import-question'>＿にあてはまる<ruby>言葉<rt>ことば</rt></ruby>をえらびましょう。<br /><span class='quiz-highlight'>りんごもバナナ＿<ruby>食<rt>た</rt></ruby>べた。</span></div>","<ul class='mcq-choices'><li data-correct='1'>も</li><li data-correct='0'>に</li><li data-correct='0'>で</li><li data-correct='0'>が</li></ul>",1
格助詞・副助詞,"<div class='import-question'>＿にあてはまる<ruby>言葉<rt>ことば</rt></ruby>をえらびましょう。<br /><span class='quiz-highlight'>きのうは<ruby>暑<rt>あつ</rt></ruby>かったのに、<ruby>今日<rt>きょう</rt></ruby>＿<ruby>寒<rt>さむ</rt></ruby>い。</span></div>","<ul class='mcq-choices'><li data-correct='1'>は</li><li data-correct='0'>に</li><li data-correct='0'>も</li><li data-correct='0'>が</li></ul>",1
格助詞・副助詞,"<div class='import-question'>＿にあてはまる<ruby>言葉<rt>ことば</rt></ruby>をえらびましょう。<br /><span class='quiz-highlight'>きのうは<ruby>暑<rt>あつ</rt></ruby>かったし、<ruby>今日<rt>きょう</rt></ruby>＿<ruby>暑<rt>あつ</rt></ruby>い。</span></div>","<ul class='mcq-choices'><li data-correct='1'>も</li><li data-correct='0'>に</li><li data-correct='0'>を</li><li data-correct='0'>が</li></ul>",1
助数詞,"<div class='import-question'>＿にあてはまる<ruby>言葉<rt>ことば</rt></ruby>をえらびましょう。<br /><span class='quiz-highlight'><ruby>鉛筆<rt>えんぴつ</rt></ruby>を12＿<ruby>買<rt>か</rt></ruby>った。</span></div>","<ul class='mcq-choices'><li data-correct='1'><ruby>本<rt>ほん</rt></ruby></li><li data-correct='0'><ruby>枚<rt>まい</rt></ruby></li><li data-correct='0'><ruby>人<rt>にん</rt></ruby></li><li data-correct='0'><ruby>匹<rt>ひき</rt></ruby></li></ul>",1
助数詞,"<div class='import-question'>＿にあてはまる<ruby>言葉<rt>ことば</rt></ruby>をえらびましょう。<br /><span class='quiz-highlight'><ruby>私<rt>わたし</rt></ruby>のクラスは<ruby>全員<rt>ぜんいん</rt></ruby>で32＿です。</span></div>","<ul class='mcq-choices'><li data-correct='1'><ruby>人<rt>にん</rt></ruby></li><li data-correct='0'><ruby>匹<rt>ひき</rt></ruby></li><li data-correct='0'><ruby>頭<rt>とう</rt></ruby></li><li data-correct='0'><ruby>羽<rt>わ</rt></ruby></li></ul>",1
助数詞,"<div class='import-question'>＿にあてはまる<ruby>言葉<rt>ことば</rt></ruby>をえらびましょう。<br /><span class='quiz-highlight'><ruby>犬<rt>いぬ</rt></ruby>が4＿も<ruby>生<rt>う</rt></ruby>まれた。</span></div>","<ul class='mcq-choices'><li data-correct='1'><ruby>匹<rt>ひき</rt></ruby></li><li data-correct='0'><ruby>人<rt>にん</rt></ruby></li><li data-correct='0'><ruby>頭<rt>とう</rt></ruby></li><li data-correct='0'><ruby>本<rt>ほん</rt></ruby></li></ul>",1
助数詞,"<div class='import-question'>＿にあてはまる<ruby>言葉<rt>ことば</rt></ruby>をえらびましょう。<br /><span class='quiz-highlight'><ruby>黒<rt>くろ</rt></ruby>い<ruby>猫<rt>ねこ</rt></ruby>が2＿<ruby>歩<rt>ある</rt></ruby>いている。</span></div>","<ul class='mcq-choices'><li data-correct='1'><ruby>匹<rt>ひき</rt></ruby></li><li data-correct='0'><ruby>羽<rt>わ</rt></ruby></li><li data-correct='0'><ruby>本<rt>ほん</rt></ruby></li><li data-correct='0'><ruby>頭<rt>とう</rt></ruby></li></ul>",1
助数詞,"<div class='import-question'>＿にあてはまる<ruby>言葉<rt>ことば</rt></ruby>をえらびましょう。<br /><span class='quiz-highlight'>にんじんを1＿だけ<ruby>買<rt>か</rt></ruby>った。</span></div>","<ul class='mcq-choices'><li data-correct='1'><ruby>本<rt>ほん</rt></ruby></li><li data-correct='0'><ruby>枚<rt>まい</rt></ruby></li><li data-correct='0'><ruby>個<rt>こ</rt></ruby></li><li data-correct='0'><ruby>膳<rt>ぜん</rt></ruby></li></ul>",1
助数詞,"<div class='import-question'>＿にあてはまる<ruby>言葉<rt>ことば</rt></ruby>をえらびましょう。<br /><span class='quiz-highlight'><ruby>絵本<rt>えほん</rt></ruby>を10＿<ruby>借<rt>か</rt></ruby>りた。</span></div>","<ul class='mcq-choices'><li data-correct='1'><ruby>冊<rt>さつ</rt></ruby></li><li data-correct='0'><ruby>本<rt>ほん</rt></ruby></li><li data-correct='0'><ruby>枚<rt>まい</rt></ruby></li><li data-correct='0'><ruby>個<rt>こ</rt></ruby></li></ul>",1
助数詞,"<div class='import-question'>＿にあてはまる<ruby>言葉<rt>ことば</rt></ruby>をえらびましょう。<br /><span class='quiz-highlight'>サンダルが2＿ある。</span></div>","<ul class='mcq-choices'><li data-correct='1'><ruby>足<rt>そく</rt></ruby></li><li data-correct='0'><ruby>本<rt>ほん</rt></ruby></li><li data-correct='0'><ruby>枚<rt>まい</rt></ruby></li><li data-correct='0'><ruby>台<rt>だい</rt></ruby></li></ul>",1
助数詞,"<div class='import-question'>＿にあてはまる<ruby>言葉<rt>ことば</rt></ruby>をえらびましょう。<br /><span class='quiz-highlight'>お<ruby>箸<rt>はし</rt></ruby>を4＿<ruby>配<rt>くば</rt></ruby>った。</span></div>","<ul class='mcq-choices'><li data-correct='1'><ruby>膳<rt>ぜん</rt></ruby></li><li data-correct='0'><ruby>本<rt>ほん</rt></ruby></li><li data-correct='0'><ruby>枚<rt>まい</rt></ruby></li><li data-correct='0'><ruby>個<rt>こ</rt></ruby></li></ul>",1
助数詞,"<div class='import-question'>＿にあてはまる<ruby>言葉<rt>ことば</rt></ruby>をえらびましょう。<br /><span class='quiz-highlight'>おばあちゃんはスマートフォンを2＿も<ruby>持<rt>も</rt></ruby>っている。</span></div>","<ul class='mcq-choices'><li data-correct='1'><ruby>台<rt>だい</rt></ruby></li><li data-correct='0'><ruby>冊<rt>さつ</rt></ruby></li><li data-correct='0'><ruby>枚<rt>まい</rt></ruby></li><li data-correct='0'><ruby>本<rt>ほん</rt></ruby></li></ul>",1
助数詞,"<div class='import-question'>＿にあてはまる<ruby>言葉<rt>ことば</rt></ruby>をえらびましょう。<br /><span class='quiz-highlight'>ノートを3＿プレゼントされた。</span></div>","<ul class='mcq-choices'><li data-correct='1'><ruby>冊<rt>さつ</rt></ruby></li><li data-correct='0'><ruby>枚<rt>まい</rt></ruby></li><li data-correct='0'><ruby>個<rt>こ</rt></ruby></li><li data-correct='0'><ruby>本<rt>ほん</rt></ruby></li></ul>",1
助数詞,"<div class='import-question'>＿にあてはまる<ruby>言葉<rt>ことば</rt></ruby>をえらびましょう。<br /><span class='quiz-highlight'>10＿<ruby>入<rt>い</rt></ruby>りの<ruby>卵<rt>たまご</rt></ruby>パックを<ruby>買<rt>か</rt></ruby>った。</span></div>","<ul class='mcq-choices'><li data-correct='1'><ruby>個<rt>こ</rt></ruby></li><li data-correct='0'><ruby>枚<rt>まい</rt></ruby></li><li data-correct='0'><ruby>本<rt>ほん</rt></ruby></li><li data-correct='0'><ruby>杯<rt>はい</rt></ruby></li></ul>",1
助数詞,"<div class='import-question'>＿にあてはまる<ruby>言葉<rt>ことば</rt></ruby>をえらびましょう。<br /><span class='quiz-highlight'><ruby>目<rt>め</rt></ruby>の<ruby>前<rt>まえ</rt></ruby>に<ruby>車<rt>くるま</rt></ruby>が3＿<ruby>停<rt>と</rt></ruby>まっている。</span></div>","<ul class='mcq-choices'><li data-correct='1'><ruby>台<rt>だい</rt></ruby></li><li data-correct='0'><ruby>匹<rt>ひき</rt></ruby></li><li data-correct='0'><ruby>頭<rt>とう</rt></ruby></li><li data-correct='0'><ruby>本<rt>ほん</rt></ruby></li></ul>",1
助数詞,"<div class='import-question'>＿にあてはまる<ruby>言葉<rt>ことば</rt></ruby>をえらびましょう。<br /><span class='quiz-highlight'>この<ruby>広場<rt>ひろば</rt></ruby>にはハトが100＿<ruby>来<rt>く</rt></ruby>ることもあるらしい。</span></div>","<ul class='mcq-choices'><li data-correct='1'><ruby>羽<rt>わ</rt></ruby></li><li data-correct='0'><ruby>匹<rt>ひき</rt></ruby></li><li data-correct='0'><ruby>頭<rt>とう</rt></ruby></li><li data-correct='0'><ruby>本<rt>ほん</rt></ruby></li></ul>",1
助数詞,"<div class='import-question'>＿にあてはまる<ruby>言葉<rt>ことば</rt></ruby>をえらびましょう。<br /><span class='quiz-highlight'>この<ruby>公園<rt>こうえん</rt></ruby>にはクジャクが3＿いる。</span></div>","<ul class='mcq-choices'><li data-correct='1'><ruby>羽<rt>わ</rt></ruby></li><li data-correct='0'><ruby>匹<rt>ひき</rt></ruby></li><li data-correct='0'><ruby>頭<rt>とう</rt></ruby></li><li data-correct='0'><ruby>本<rt>ほん</rt></ruby></li></ul>",1
助数詞,"<div class='import-question'>＿にあてはまる<ruby>言葉<rt>ことば</rt></ruby>をえらびましょう。<br /><span class='quiz-highlight'><ruby>ホタル<rt>ほたる</rt></ruby>が2＿<ruby>飛<rt>と</rt></ruby>んでいて、<ruby>光<rt>ひかり</rt></ruby>がとてもきれいです。</span></div>","<ul class='mcq-choices'><li data-correct='1'><ruby>匹<rt>ひき</rt></ruby></li><li data-correct='0'><ruby>羽<rt>わ</rt></ruby></li><li data-correct='0'><ruby>頭<rt>とう</rt></ruby></li><li data-correct='0'><ruby>本<rt>ほん</rt></ruby></li></ul>",1
助数詞,"<div class='import-question'>＿にあてはまる<ruby>言葉<rt>ことば</rt></ruby>をえらびましょう。<br /><span class='quiz-highlight'>このレースでは18＿の<ruby>馬<rt>うま</rt></ruby>が<ruby>走<rt>はし</rt></ruby>って<ruby>一番<rt>いちばん</rt></ruby>を<ruby>決<rt>き</rt></ruby>める。</span></div>","<ul class='mcq-choices'><li data-correct='1'><ruby>頭<rt>とう</rt></ruby></li><li data-correct='0'><ruby>匹<rt>ひき</rt></ruby></li><li data-correct='0'><ruby>羽<rt>わ</rt></ruby></li><li data-correct='0'><ruby>台<rt>だい</rt></ruby></li></ul>",1
助数詞,"<div class='import-question'>＿にあてはまる<ruby>言葉<rt>ことば</rt></ruby>をえらびましょう。<br /><span class='quiz-highlight'><ruby>喉<rt>のど</rt></ruby>が<ruby>渇<rt>かわ</rt></ruby>いていたので、3＿もお<ruby>水<rt>みず</rt></ruby>を<ruby>飲<rt>の</rt></ruby>んだ。</span></div>","<ul class='mcq-choices'><li data-correct='1'><ruby>杯<rt>はい</rt></ruby></li><li data-correct='0'><ruby>本<rt>ほん</rt></ruby></li><li data-correct='0'><ruby>枚<rt>まい</rt></ruby></li><li data-correct='0'><ruby>台<rt>だい</rt></ruby></li></ul>",1
助数詞,"<div class='import-question'>＿にあてはまる<ruby>言葉<rt>ことば</rt></ruby>をえらびましょう。<br /><span class='quiz-highlight'><ruby>楽<rt>たの</rt></ruby>しくて、<ruby>絵<rt>え</rt></ruby>を10＿も<ruby>描<rt>か</rt></ruby>いた。</span></div>","<ul class='mcq-choices'><li data-correct='1'><ruby>枚<rt>まい</rt></ruby></li><li data-correct='0'><ruby>冊<rt>さつ</rt></ruby></li><li data-correct='0'><ruby>本<rt>ほん</rt></ruby></li><li data-correct='0'><ruby>個<rt>こ</rt></ruby></li></ul>",1
助数詞,"<div class='import-question'>＿にあてはまる<ruby>言葉<rt>ことば</rt></ruby>をえらびましょう。<br /><span class='quiz-highlight'>このショートケーキには、いちごが8＿<ruby>乗<rt>の</rt></ruby>っている。</span></div>","<ul class='mcq-choices'><li data-correct='1'><ruby>個<rt>こ</rt></ruby></li><li data-correct='0'><ruby>冊<rt>さつ</rt></ruby></li><li data-correct='0'><ruby>枚<rt>まい</rt></ruby></li><li data-correct='0'><ruby>本<rt>ほん</rt></ruby></li></ul>",1
助数詞,"<div class='import-question'>＿にあてはまる<ruby>言葉<rt>ことば</rt></ruby>をえらびましょう。<br /><span class='quiz-highlight'>500＿<ruby>入<rt>い</rt></ruby>りの<ruby>紙<rt>かみ</rt></ruby>を<ruby>買<rt>か</rt></ruby>った。</span></div>","<ul class='mcq-choices'><li data-correct='1'><ruby>枚<rt>まい</rt></ruby></li><li data-correct='0'><ruby>本<rt>ほん</rt></ruby></li><li data-correct='0'><ruby>冊<rt>さつ</rt></ruby></li><li data-correct='0'><ruby>個<rt>こ</rt></ruby></li></ul>",1
助数詞,"<div class='import-question'>＿＿にあてはまる<ruby>言葉<rt>ことば</rt></ruby>をえらびましょう。<br /><span class='quiz-highlight'>お<ruby>客様<rt>きゃくさま</rt></ruby>は何＿様ですか。</span></div>","<ul class='mcq-choices'><li data-correct='1'><ruby>名<rt>めい</rt></ruby></li><li data-correct='0'><ruby>羽<rt>わ</rt></ruby></li><li data-correct='0'><ruby>匹<rt>ひき</rt></ruby></li><li data-correct='0'><ruby>杯<rt>はい</rt></ruby></li></ul>",1
色,"<div class='import-question'>つぎの<ruby>色<rt>いろ</rt></ruby>をみて，なまえをえらびましょう。<div style='margin-top:8px;width:100%;height:40px;border-radius:10px;background:#ff0000;'></div></div>","<ul class='mcq-choices'><li data-correct='1'>あか</li><li data-correct='0'>あお</li><li data-correct='0'>きいろ</li><li data-correct='0'>みどり</li></ul>",1
色,"<div class='import-question'>つぎの<ruby>色<rt>いろ</rt></ruby>をみて，なまえをえらびましょう。<div style='margin-top:8px;width:100%;height:40px;border-radius:10px;background:#0000ff;'></div></div>","<ul class='mcq-choices'><li data-correct='1'>あお</li><li data-correct='0'>あか</li><li data-correct='0'>きいろ</li><li data-correct='0'>みどり</li></ul>",1
色,"<div class='import-question'>つぎの<ruby>色<rt>いろ</rt></ruby>をみて，なまえをえらびましょう。<div style='margin-top:8px;width:100%;height:40px;border-radius:10px;background:#00ff00;'></div></div>","<ul class='mcq-choices'><li data-correct='1'>みどり</li><li data-correct='0'>あか</li><li data-correct='0'>あお</li><li data-correct='0'>きいろ</li></ul>",1
色,"<div class='import-question'>つぎの<ruby>色<rt>いろ</rt></ruby>をみて，なまえをえらびましょう。<div style='margin-top:8px;width:100%;height:40px;border-radius:10px;background:#ffff00;'></div></div>","<ul class='mcq-choices'><li data-correct='1'>きいろ</li><li data-correct='0'>あか</li><li data-correct='0'>あお</li><li data-correct='0'>みどり</li></ul>",1
色,"<div class='import-question'>「ピンク」というなまえの<ruby>色<rt>いろ</rt></ruby>をえらびましょう。</div>","<ul class='mcq-choices'><li data-correct='1'><div style='width:100%;height:30px;border-radius:10px;background:#ffc0cb;'></div></li><li data-correct='0'><div style='width:100%;height:30px;border-radius:10px;background:#ff0000;'></div></li><li data-correct='0'><div style='width:100%;height:30px;border-radius:10px;background:#0000ff;'></div></li><li data-correct='0'><div style='width:100%;height:30px;border-radius:10px;background:#00ff00;'></div></li></ul>",1
色,"<div class='import-question'>つぎの<ruby>色<rt>いろ</rt></ruby>をみて，なまえをえらびましょう。<div style='margin-top:8px;width:100%;height:40px;border-radius:10px;background:#800080;'></div></div>","<ul class='mcq-choices'><li data-correct='1'>むらさき</li><li data-correct='0'>あか</li><li data-correct='0'>あお</li><li data-correct='0'>きいろ</li></ul>",1
色,"<div class='import-question'>つぎの<ruby>色<rt>いろ</rt></ruby>をみて，なまえをえらびましょう。<div style='margin-top:8px;width:100%;height:40px;border-radius:10px;background:#8b4513;'></div></div>","<ul class='mcq-choices'><li data-correct='1'>ちゃいろ</li><li data-correct='0'>みどり</li><li data-correct='0'>くろ</li><li data-correct='0'>しろ</li></ul>",1
色,"<div class='import-question'>つぎの<ruby>色<rt>いろ</rt></ruby>をみて，なまえをえらびましょう。<div style='margin-top:8px;width:100%;height:40px;border-radius:10px;background:#000000;'></div></div>","<ul class='mcq-choices'><li data-correct='1'>くろ</li><li data-correct='0'>しろ</li><li data-correct='0'>あか</li><li data-correct='0'>あお</li></ul>",1
色,"<div class='import-question'>つぎの<ruby>色<rt>いろ</rt></ruby>をみて，なまえをえらびましょう。<div style='margin-top:8px;width:100%;height:40px;border-radius:10px;background:#ffffff;'></div></div>","<ul class='mcq-choices'><li data-correct='1'>しろ</li><li data-correct='0'>くろ</li><li data-correct='0'>あお</li><li data-correct='0'>みどり</li></ul>",1
混色,"<div class='import-question'><ruby>二つ<rt>ふたつ</rt></ruby>の<ruby>色<rt>いろ</rt></ruby>をまぜると，どの<ruby>色<rt>いろ</rt></ruby>になるでしょう。<br /><div style='margin-top:8px;display:flex;gap:8px;'><div style='flex:1;height:30px;border-radius:10px;background:#ff0000;'></div><div style='flex:1;height:30px;border-radius:10px;background:#ffff00;'></div></div></div>","<ul class='mcq-choices'><li data-correct='1'><div style='width:100%;height:30px;border-radius:10px;background:#ff8000;'></div></li><li data-correct='0'><div style='width:100%;height:30px;border-radius:10px;background:#0000ff;'></div></li><li data-correct='0'><div style='width:100%;height:30px;border-radius:10px;background:#00ff00;'></div></li><li data-correct='0'><div style='width:100%;height:30px;border-radius:10px;background:#800080;'></div></li></ul>",1
混色,"<div class='import-question'><ruby>二つ<rt>ふたつ</rt></ruby>の<ruby>色<rt>いろ</rt></ruby>をまぜると，どの<ruby>色<rt>いろ</rt></ruby>になるでしょう。<br /><div style='margin-top:8px;display:flex;gap:8px;'><div style='flex:1;height:30px;border-radius:10px;background:#0000ff;'></div><div style='flex:1;height:30px;border-radius:10px;background:#ffff00;'></div></div></div>","<ul class='mcq-choices'><li data-correct='1'><div style='width:100%;height:30px;border-radius:10px;background:#00ff00;'></div></li><li data-correct='0'><div style='width:100%;height:30px;border-radius:10px;background:#ff0000;'></div></li><li data-correct='0'><div style='width:100%;height:30px;border-radius:10px;background:#800080;'></div></li><li data-correct='0'><div style='width:100%;height:30px;border-radius:10px;background:#00ffff;'></div></li></ul>",1
混色,"<div class='import-question'><ruby>二つ<rt>ふたつ</rt></ruby>の<ruby>色<rt>いろ</rt></ruby>をまぜると，どの<ruby>色<rt>いろ</rt></ruby>になるでしょう。<br /><div style='margin-top:8px;display:flex;gap:8px;'><div style='flex:1;height:30px;border-radius:10px;background:#ff0000;'></div><div style='flex:1;height:30px;border-radius:10px;background:#0000ff;'></div></div></div>","<ul class='mcq-choices'><li data-correct='1'><div style='width:100%;height:30px;border-radius:10px;background:#800080;'></div></li><li data-correct='0'><div style='width:100%;height:30px;border-radius:10px;background:#ff0000;'></div></li><li data-correct='0'><div style='width:100%;height:30px;border-radius:10px;background:#0000ff;'></div></li><li data-correct='0'><div style='width:100%;height:30px;border-radius:10px;background:#ffff00;'></div></li></ul>",1
文脈からの単語,"<div class='import-question'>つぎの<ruby>文<rt>ぶん</rt></ruby>の＿にはいる<ruby>言葉<rt>ことば</rt></ruby>をえらびましょう。<br />「きょうは＿がよくはれています。」</div>","<ul class='mcq-choices'><li data-correct='1'><ruby>空<rt>そら</rt></ruby></li><li data-correct='0'><ruby>雨<rt>あめ</rt></ruby></li><li data-correct='0'><ruby>川<rt>かわ</rt></ruby></li><li data-correct='0'><ruby>山<rt>やま</rt></ruby></li></ul>",1
文脈からの単語,"<div class='import-question'>つぎの<ruby>文<rt>ぶん</rt></ruby>の＿＿にはいる<ruby>言葉<rt>ことば</rt></ruby>をえらびましょう。<br />「＿＿で本をよみます。」</div>","<ul class='mcq-choices'><li data-correct='1'><ruby>図書室<rt>としょしつ</rt></ruby></li><li data-correct='0'><ruby>校庭<rt>こうてい</rt></ruby></li><li data-correct='0'><ruby>体育館<rt>たいいくかん</rt></ruby></li><li data-correct='0'><ruby>音楽室<rt>おんがくしつ</rt></ruby></li></ul>",1
文脈からの単語,"<div class='import-question'>つぎの<ruby>文<rt>ぶん</rt></ruby>の＿＿にはいる<ruby>言葉<rt>ことば</rt></ruby>をえらびましょう。<br />「あさ，＿＿をたべます。」</div>","<ul class='mcq-choices'><li data-correct='1'><ruby>朝ご飯<rt>あさごはん</rt></ruby></li><li data-correct='0'><ruby>夜ご飯<rt>よるごはん</rt></ruby></li><li data-correct='0'><ruby>水<rt>みず</rt></ruby></li><li data-correct='0'><ruby>牛乳<rt>ぎゅうにゅう</rt></ruby></li></ul>",1
文脈からの単語,"<div class='import-question'>つぎの<ruby>文<rt>ぶん</rt></ruby>の＿＿にはいる<ruby>言葉<rt>ことば</rt></ruby>をえらびましょう。<br />「<ruby>学校<rt>がっこう</rt></ruby>で＿＿をならいます。」</div>","<ul class='mcq-choices'><li data-correct='1'><ruby>国語<rt>こくご</rt></ruby></li><li data-correct='0'><ruby>朝ご飯<rt>あさごはん</rt></ruby></li><li data-correct='0'><ruby>夕飯<rt>ゆうはん</rt></ruby></li><li data-correct='0'><ruby>散歩<rt>さんぽ</rt></ruby></li></ul>",1
一般知識,"<div class='import-question'><ruby>日本<rt>にほん</rt></ruby>の<ruby>首都<rt>しゅと</rt></ruby>はどこでしょう。</div>","<ul class='mcq-choices'><li data-correct='1'><ruby>東京<rt>とうきょう</rt></ruby></li><li data-correct='0'><ruby>大阪<rt>おおさか</rt></ruby></li><li data-correct='0'><ruby>京都<rt>きょうと</rt></ruby></li><li data-correct='0'><ruby>札幌<rt>さっぽろ</rt></ruby></li></ul>",1
一般知識,"<div class='import-question'><ruby>一年<rt>いちねん</rt></ruby>はなん<ruby>日<rt>にち</rt></ruby>ぐらいあるでしょう。</div>","<ul class='mcq-choices'><li data-correct='1'>365<ruby>日<rt>にち</rt></ruby></li><li data-correct='0'>100<ruby>日<rt>にち</rt></ruby></li><li data-correct='0'>30<ruby>日<rt>にち</rt></ruby></li><li data-correct='0'>500<ruby>日<rt>にち</rt></ruby></li></ul>",1
一般知識,"<div class='import-question'><ruby>地球<rt>ちきゅう</rt></ruby>は太陽からみて<ruby>何番目<rt>なんばんめ</rt></ruby>に<ruby>近<rt>ちか</rt></ruby>い<ruby>惑星<rt>わくせい</rt></ruby>でしょう。</div>","<ul class='mcq-choices'><li data-correct='1'>3<ruby>番目<rt>ばんめ</rt></ruby><li data-correct='0'>1<ruby>番目<rt>ばんめ</rt></ruby></li><li data-correct='0'>2<ruby>番目<rt>ばんめ</rt></ruby></li><li data-correct='0'>4<ruby>番目<rt>ばんめ</rt></ruby></li></ul>",1
一般知識,"<div class='import-question'><ruby>一週間<rt>いっしゅうかん</rt></ruby>はなん<ruby>日<rt>にち</rt></ruby>でしょう。</div>","<ul class='mcq-choices'><li data-correct='1'>7<ruby>日<rt>にち</rt></ruby></li><li data-correct='0'>5<ruby>日<rt>にち</rt></ruby></li><li data-correct='0'>10<ruby>日<rt>にち</rt></ruby></li><li data-correct='0'>3<ruby>日<rt>にち</rt></ruby></li></ul>",1
